{
  "target": "arrival",
  "run_id": "cloud-2024",
  "mlflow_run_id": "c27f9ba8162b43b5835f6b218ac29894",
  "best_model": "lgbm_optuna",
  "baseline_val": {
    "rmse": 1.0270460457214239,
    "mae": 0.5359376281705753,
    "r2": 0.26761223304377846,
    "poisson_deviance": 1.3312454005367997
  },
  "candidates": {
    "lgbm_l2": {
      "rmse": 0.9874043716089482,
      "mae": 0.553940431246381,
      "r2": 0.3230581820651012,
      "poisson_deviance": 1.1204756951512216
    },
    "lgbm_poisson": {
      "rmse": 0.9837680851802216,
      "mae": 0.5505386516917566,
      "r2": 0.3280349106833107,
      "poisson_deviance": 1.1363159578661428
    },
    "lgbm_tweedie": {
      "rmse": 0.9921248456561524,
      "mae": 0.5518807952473402,
      "r2": 0.31657021282062037,
      "poisson_deviance": 1.2126045680405713
    },
    "xgb_l2": {
      "rmse": 0.9816592948468503,
      "mae": 0.5498107443630285,
      "r2": 0.33091265136285586,
      "poisson_deviance": 1.1165096208666754
    },
    "hgb_poisson": {
      "rmse": 0.995735008085331,
      "mae": 0.551404203814831,
      "r2": 0.3115874093628066,
      "poisson_deviance": 1.1956199864379482
    },
    "flaml": {
      "rmse": 0.9760767918200056,
      "mae": 0.5542322748511319,
      "r2": 0.33850094914806417,
      "poisson_deviance": 1.1122350851155944
    },
    "lgbm_optuna": {
      "rmse": 0.9755135914902027,
      "mae": 0.5536165307917923,
      "r2": 0.33926410426744114,
      "poisson_deviance": 1.084414640378058
    }
  },
  "selected": {
    "name": "lgbm_optuna",
    "val": {
      "rmse": 0.9755135914902027,
      "mae": 0.5536165307917923,
      "r2": 0.33926410426744114,
      "poisson_deviance": 1.084414640378058
    },
    "test": {
      "rmse": 1.0255100696174302,
      "mae": 0.5850273163311556,
      "r2": 0.33898315734006224,
      "poisson_deviance": 1.1393219183002814
    }
  }
}