{
  "target": "departure",
  "run_id": "cloud-2024",
  "mlflow_run_id": "c0d9c13e4da345b399ac9dda477055e9",
  "best_model": "lgbm_optuna",
  "baseline_val": {
    "rmse": 1.039567154451976,
    "mae": 0.5447828838078697,
    "r2": 0.2630359496593797,
    "poisson_deviance": 1.3442907296113444
  },
  "candidates": {
    "lgbm_l2": {
      "rmse": 0.9989916953358813,
      "mae": 0.5642538040101062,
      "r2": 0.3194422870062922,
      "poisson_deviance": 1.1269950838735054
    },
    "lgbm_poisson": {
      "rmse": 0.999991290516575,
      "mae": 0.560439916902258,
      "r2": 0.3180796679578005,
      "poisson_deviance": 1.1588921451291987
    },
    "lgbm_tweedie": {
      "rmse": 1.0075173089688914,
      "mae": 0.559382456027123,
      "r2": 0.3077766632656451,
      "poisson_deviance": 1.251459040765249
    },
    "xgb_l2": {
      "rmse": 0.9973166069718644,
      "mae": 0.5619187678360003,
      "r2": 0.3217226634140251,
      "poisson_deviance": 1.1365955658277946
    },
    "hgb_poisson": {
      "rmse": 1.008547842911055,
      "mae": 0.5590752201327384,
      "r2": 0.30635986483281186,
      "poisson_deviance": 1.2005615116610195
    },
    "flaml": {
      "rmse": 0.9951303602961009,
      "mae": 0.5594693544385313,
      "r2": 0.3246931468655957,
      "poisson_deviance": 1.1298395263157301
    },
    "lgbm_optuna": {
      "rmse": 0.9935336861844607,
      "mae": 0.564629299810462,
      "r2": 0.3268584510258772,
      "poisson_deviance": 1.1114019484424975
    }
  },
  "selected": {
    "name": "lgbm_optuna",
    "val": {
      "rmse": 0.9935336861844607,
      "mae": 0.564629299810462,
      "r2": 0.3268584510258772,
      "poisson_deviance": 1.1114019484424975
    },
    "test": {
      "rmse": 1.0348817731753768,
      "mae": 0.5913714821293728,
      "r2": 0.33380971628557676,
      "poisson_deviance": 1.1516338835423572
    }
  }
}